Singer,FM,Title,Lyrics,AppleMusicYear,SongReleaseYear,DebutYear,Active,Subject,Persona,imageURL,id
ITZY,여성,Not Shy,"Not shy Not me ITZY
난 다 원해 다다 yeah
Not shy Not me
난 빨리빨리 원하는 걸 말해
못 가지면 어때 괜히
망설이다 시간만 가니
Yeah 다 말할래 cuz I like it
cuz I like it like it
기다려 왜 기다려서 뭐해
내가 내 맘을 왜 왜
말하면 안 돼 yeah
그냥 탁 그냥 탁탁탁탁탁
Not shy to say I want you
Hey there hey there 우리는
Great pair great pair 네 맘이
뭔지 모르지만 내 생각이
맞아 그러니까 yeah yeah
내 맘은 내 거 그러니까
좋아한다고 자유니까
네 맘은 네 거 맞으니까
말해봐 다 어서 다 cuz I'm not shy
Not shy Not me ITZY
난 다 원해 다다 Not shy
Not shy Not me
Give me 다 다다 다다다다다
Not shy Not me ITZY
난 다 원해 다다 Not shy
Not shy Not me
너를 원해 뭐 어때 cuz I'm not shy
넌 빨리빨리 대답할 필욘 없어
어차피 내 거니까 woo
날 보고 있기만 하면 돼
Yeah You will like it
cuz you like it
Cuz you like it like it
내가 미워 아니라면 비워
다른 건 다 지워
내가 네 only one yeah
그냥 싹 지워 싹싹싹싹싹
Not shy to say I want you
Hey there hey there 우리는
Great pair great pair 네 맘이
뭔지 모르지만 내 생각이
맞아 그러니까 yeah yeah
내 맘은 내 거 그러니까
좋아한다고 자유니까
네 맘은 네 거 맞으니까
말해봐 다 어서 다 cuz I'm not shy
Not shy Not me ITZY
난 다 원해 다다 Not shy
Not shy Not me
Give me 다 다다 다다다다다
Not shy Not me ITZY
난 다 원해 다다 Not shy
Not shy Not me
너를 원해 뭐 어때 cuz I'm not shy
후회하긴 싫으니까
엔딩 상관없으니까
Go go go 모두 쏟아내
No yes no 뭐든지 어때
이러면 저러면 어때
어차피 안 될 거 빼고 다 돼
Let's just be who we are
Do what we do 네 맘대로 해
Let the beat drop
Not shy Not me ITZY
난 다 원해 다다 Not shy
Not shy Not me
말해봐 다 어서 다 cuz I'm not shy
Not shy Not me ITZY
난 다 원해 다다 Not shy
Not shy Not me
Give me 다 다다 다다다다다
Not shy Not me ITZY
난 다 원해 다다 Not shy
Not shy Not me
너를 원해 뭐 어때 cuz I'm not shy
Not shy Not me",2020,,,0.8076923077,0.8571428571,강한 자아,https://is3-ssl.mzstatic.com/image/thumb/Music116/v4/9f/ee/e2/9feee229-ffe1-6b42-f6d6-363bb27ff57f/192641939587_Cover.jpg/592x592bb.webp,30
(여자)아이들,여성,TOMBOY,"Look at you 넌 못 감당해 날
Ya took off hook
기분은 Coke like brrr
Look at my toe 나의 Ex 이름 Tattoo
I got to drink up now 네가 싫다 해도 좋아

Why are you cranky, boy?
뭘 그리 찡그려 너
Do you want a blond barbie doll?
It’s not here, I’m not a doll

미친 연이라 말해 What’s the loss to me ya
사정없이 까보라고 You’ll lose to me ya
사랑 그깟 거 따위 내 몸에 상처 하나도 어림없지
너의 썩은 내 나는 향수나 뿌릴 바엔

Ye I’m a Tomboy (Umm ah umm)
Ye I’ll be the Tomboy (Umm ah)
This is my attitude
Ye I’ll be the Tomboy

I don’t wanna play this ping pong
I would rather film a Tik Tok
Your mom raised you as a prince
But this is queendom, right?
I like dancing, I love ma friends
Sometimes we swear without cigarettes
I like to eh on drinking whiskey
I won’t change it, what the hell?

미친 척이라 말해 What’s the loss to me ya
사정없이 씹으라고 You’re lost to me ya
사랑 그깟 거 따위 내 눈에 눈물 한 방울 어림없지
너의 하찮은 말에 미소나 지을 바엔

Ye I’m a Tomboy (Umm ah umm)
Ye I’ll be the Tomboy (Umm ah)
This is my attitude
Ye I’ll be the Tomboy

Said you get it?
You get the song right, you’ll get what I mean “Tomboy”

La la la la la la la la la
La la la la la la la la la

La la la la la la la la la
La la la la la la la la la
(Three, two, one)

It’s neither man nor woman
Man nor woman
It’s neither man nor woman
(Just me I-DLE)

It’s neither man nor woman
Man nor woman
It’s neither man nor woman
(Just me loving Tomboy)",2022,,,0.825,0.8787878788,강한 자아,https://is4-ssl.mzstatic.com/image/thumb/Music126/v4/9c/fe/5e/9cfe5eec-89b5-240f-5229-59244360e89d/8804775250422_Cover.jpg/592x592bb.webp,27
EXID,여성,L.I.E,"LIE LIE LIE LIE EH EH
이 밤에 대체 어디 연락해 
참 아는 여자 동생들 많네 
GO AWAY 
내 친구가 널 길에서 봤대 
네가 내게 잔다고 한 그때 
GO AWAY 
LIE LIE LIE LIE EH EH
혼자 방 안에서 한참 울고 있는데 
밤새 풀리지 않는 
기분때문에 그지같아 
나 어떡해 어떡해 
도저히 더는 참을 수 없는데 
BABY I Know I Know I Know 네 거짓말
이제 네가 숨 쉬는 것도 싫어 
스치는 것조차 난 싫어 Baby Baby know
BABY I Know I Know
널 생각할수록 더
나를 더 미치게 만드는 너의
LIE LIE LIE LIE EH EH
LIE LIE LIE LIE
LIE LIE LIE LIE EH EH
LIE LIE LIE LIE EH EH
NO NO BOY NO MORE
더는 못 숨어 Zoomer
꼭꼭 더 숨어 다 찾아낼 걸 널 Sooner
또 배우네 난 시원해 네가 다 지어낸
네 가짜 소설 아 무서워 Overdoser man
내 박수 보낼게 Clap clap clap
넌 남우주연상
타고도 남을 연기했네
넌 마치 흡연자
모두가 피해 더 지나치게
벌 받아야지 넌 싸
짐 싹 다 챙겨나가
더 이상 별 볼일 없으니까
BABY I Know I Know I Know 네 거짓말
이제 네가 숨 쉬는 것도 싫어
스치는 것조차 난 싫어 Baby Baby know
BABY I Know I Know
널 생각할수록 더
나를 더 미치게 만드는 너의
LIE LIE LIE LIE EH EH
LIE LIE LIE LIE EH EH
너 죽을 때까지 이렇게 살다가
지옥 가길 기도해 GO TO HELL GO AWAY
OH BABY 그대여
너는 태어나질 말았어야 해요
나 어떡해 어떡해
미치도록 꼴도 보기 싫은데
BABY BABY I Know I Know I Know 네 거짓말
이제 네가 숨 쉬는 것도 싫어
스치는 것조차 난 싫어 Baby Baby know
BABY I Know I Know
널 생각할수록 더
나를 더 미치게 만드는 너의
LIE LIE LIE LIE EH EH
LIE LIE LIE LIE
LIE LIE LIE LIE EH EH
LIE LIE LIE LIE EH EH
LIE LIE LIE LIE EH EH
LIE LIE LIE LIE",2016,,2012,0.6451612903,0.4237288136,강한 자아,https://is2-ssl.mzstatic.com/image/thumb/Music60/v4/c4/81/0a/c4810ad3-f63d-2962-c970-c0134c16b5e3/886445936308.jpg/592x592bb.webp,119
몬스타엑스,남성,HERO,"하루 종일 널 지켜보면서
발견한 유일한 문제점 yeah
너를 귀찮게 만드는
가식 뿐인 늑대 같은 남자들
아니야 넌 내 껀데
내가 지켜야 할 의무가 있는데
누가 널 절대 넘볼 수 없게
내가 지켜줄게
넌 너무나 아름다워서
난 적이 많아
마치 공주를 지키는 게임 같아
걱정하지 마 난 너만의 남자
I can be your hero
I can be your hero
I can be your hero
I can be your hero
I can be your man
I can be your hero
I can be your man
I can be your hero
I can be your man
I can be your hero
I can be your man
I can be your hero
악당들은 뒤로
나쁜 것들 포대기에 싸맨
다음 트럭에 실어
하나 같이 다 짐승 같아 보여 
동물원에 버려
전부 말들이 많어 널 가지려 
뱉어대는 개소리 월월월
What 만만하게 날 봤다면
버섯 먹고 크게 자라
바지 위에 팬티를 입고
망토를 달아 수트도 가끔 입고
가슴에서 빛이 나 
빛이 나 우리가 빛이 나
다들 고개를 bow
마지막 경고할게
화 나면 난리 나 나 무섭게 변해
누가 널 절대 넘볼 수 없게
내가 지켜줄게
넌 너무나 아름다워서
난 적이 많아
마치 공주를 지키는 게임 같아
걱정하지 마 난 너만의 남자
I can be your hero
I can be your hero
I can be your hero
I can be your hero
I can be your man
I can be your hero
I can be your man
I can be your hero
I can be your man
I can be your hero
I can be your man
Ay 난 너의 악당들을 모두 
하나 같이 뱅 뱅 뱅 뱅
하늘을 슝슝 그냥 막 하늘을 
날아다녀 슈퍼맨
너의 입꼬리 위에 매달려
웃음짓게 만들어 낼게 배트맨
널 울게 만드는 그 어떤 악당들 
이제는 싹 다 꺼지라 할게요
I can be your hero
I can be your hero
I can be your hero
I can be your hero
I can be your man
I can be your hero
I can be your man
I can be your hero
I can be your man
I can be your hero
I can be your man
I can be your hero
I can be your man
I can be your hero
I can be your man
I can be your hero
I can be your man",2015,2015,2015,0.8780487805,1,수호자,https://is1-ssl.mzstatic.com/image/thumb/Music125/v4/38/70/e0/3870e038-e02d-b620-6a51-21c9ba48e72e/mzm.fulxyvrs.jpg/592x592bf.webp,13
GOT the beat,여성,Step Back,"You must step back
어델 어델 봐
너 감히 누구라고 날 제껴
이쯤에서 물러나고
입 닫는게 좋을걸
아님 어디 한번
기어 올라와 보던가
널 짝사랑을 했었니
소꿉장난처럼 어릴 때
엔간히 끼를 좀 끼를 좀 끼를 좀
네가 부렸겠니
소싯적 추억 팔이
그리 재밌니
내 남잔 지금 Another level
너 따윈 꿈도 못 꿀 Level
날 가진 그런 Next level
보다시피 Another level
Don’t bring it to me 꺼져줘
내 거에서 손 떼 너
Step back Step back
다시 태어나도 안될걸
Step back Step back
착한 남자들에게
너는 독배 같은 것
마실수록 외로워
He’s sick and tired everyday
넘지 말아 Border line
Step back Step back
네가 비빌 곳이 아니야
Step back Step back
저울질로 가린 건
참지 못할 가벼운
네 마음일걸
He’s sick and tired everyday
그런다고 네게 되나 들어봐
상상보다 너 같은 애들이 많긴 많아
그러거나 말거나
세상은 너를 빼고 돌아가 돌아가
You gotta get a good mind
Are you looking for fun
재미를 또 찾니
호의로 다가와
이미 계산 끝나
공해상의 보물선을 보기라도 한 듯
막 들이대
시작해 Transaction
넌 좀 감당 못할 Level
세계가 무대인 Our Level
내 곁에서야 가능 Level
보다시피 Another level
Don’t bring it to me 꺼져줘
내 거에서 손 떼 너
Step back Step back
다시 태어나도 안될걸
Step back Step back
착한 남자들에게
너는 독배 같은 것
마실수록 외로워
He’s sick and tired everyday
넘지 말아 Border line
Step back Step back
네가 비빌 곳이 아니야
Step back Step back
저울질로 가린 건
참지 못할 가벼운
네 마음일걸
He’s sick and tired everyday
그와 함께했던 수많은 날들
네 장난 같은 유혹에
흔들리지 않아
사랑이란 감정을
거래하는 건 Too much
이제 그만 꺼져
돌아가 네 세계
다시는 착각은 말고
남자들 다 똑같아
내가 뜨면 시선집중
여기저기 Flash 터져
찍어라 찍어라 찍어라
상상은 너의 Freedom
가지가지 하기 전에
속부터 Build up
더 나가면 넌 좀 다쳐
Girls Bring it on
Step back Step back Step back
Silly girl
The only girl who live in a dream
Step back Step back Step back
Silly girl
내 앞에서 좀 비켜줘 Yeah
Don’t bring it to me 꺼져줘
내 거에서 손 떼 너
Step back Step back
다시 태어나도 안될걸
Step back Step back
착한 남자들에게
너는 독배 같은 것
마실수록 외로워
He’s sick and tired everyday
넘지 말아 Border line
Step back Step back
네가 비빌 곳이 아니야
Step back Step back
저울질로 가린 건
참지 못할 가벼운
네 마음일걸
He’s sick and tired everyday",2022,,,0.4485981308,0.5662650602,수호자,https://is3-ssl.mzstatic.com/image/thumb/Music126/v4/97/b2/90/97b2905a-5dcb-428b-cdbf-4b975fd25e68/Cover_GOT_the_beat_Step_Back.jpg/592x592bb.webp,230
Wanna One (워너원),남성,에너제틱 (Energetic),"너와 나의 입술이 점점 
느껴지는 이 순간 속에 뜨거운 공기 
온몸에 전율이 와 
이제 너와 내가 써 내릴 Story 
I don't know why 
나도 모르게 
더 빠져들어가 
숨 막히게 Baby 
I don't know why 
지금 이 순간 
멈출 수 없는 기분 No No No No 
Make me feel so high 
미치겠어 날 멈출 순 없어 
You make me feel so high 
I'm so crazy 너가 나를 본 순간 
막 끌려 더 날 당겨줘 Baby 
I'm feelin’ so energetic 
오늘 밤 둘이 Out of control Yeah 
I'm feelin’ so energetic 
내 심장이 멈추는 그 순간까지 
너를 지켜줄게 사라지지 않게 
한 순간의 작은 약속들은 아냐 
이젠 말해 내게 Baby 
You tell me how to feel 
Uh 1 2 3 & 4 
니 옆의 딴 놈들이 거슬려 좀 
Who am I 오직 너만을 지키는 킬러 
말 그대로 난 좀 죽여줘 Yeah 
Uh 너를 품에 안고 비상해 
걱정은 버려 지하에 
뭐를 하든 간에 하나라는 수식어가 
맴돌 거야 너와 나의 귓가에 
Make me feel so high 
미치겠어 날 멈출 순 없어 
You make me feel so high 
I'm so crazy 너가 나를 본 순간 
막 끌려 더 날 당겨줘 Baby 
I'm feelin’ so energetic 
오늘 밤 둘이 Out of control Yeah 
I'm feelin’ so energetic 
I'm feelin’ good 
I wanna touch 
멈출 수 없는 이 기분은 마치 Freedom 
I'm feelin’ good 
I wanna touch baby 
어서 내게 와줘 Tonight Yeah 
Alright 
Oh Oh Work your body 
다가와서 즐길 시간이 Let’s dance 
아껴둔 너의 신발이 
더러워지더라도 
움직여 빨리 Hurry up 
질문은 나중에 해
딴 남자들은 넘보지 말게
누가 봐도 So 쿨하게
이제 시작해 You know I mean
막 끌려 더 날 당겨줘 Baby
I'm feelin’ so energetic
너와 단둘이 Out of control Yeah
I'm feelin’ so energetic",2017,,,0.7833333333,0.8,수호자,https://is4-ssl.mzstatic.com/image/thumb/Music125/v4/ee/45/55/ee455550-9368-fc09-82ff-7f506a240a70/8809534466557_Cover.jpg/592x592bb.webp,43
세븐틴 (SEVENTEEN),남성,아낀다,"Seventeen Yob
You Know What
요즘 말야 내가 말야 생각이 많아
요즘 말야 너에게 말야
할 말이 많아
요즘 말야
내가 좀 이상해 말수가 적어져 
친구들이 다 걱정해
요즘 말야
네 앞에만 서면 심장이 뛰어서 
행동이 서툴러서 미안해
아직도 조절이 안 돼
나 갖고 놀지 좀 말래
왜 자꾸 front 하는 건데
모르겠다 모르겠다
어떻게든 되겠지
그니까 내 말은
너를 다 알고 싶어
너를 노래해 U Hoo
너를 노래해 U Hoo
입술이 말라도
할 말은 해야겠어 Baby
아껴 널 아껴 널
현기증 날 정도로 
아낀다 요즘 말야
내가 말야 요즘 말야
아낀다 요즘 말야 내가 말야
요즘 요즘 말야
어쩌다가 눈이 부시는가
이기적인 외모 겸손한 성품을 봐
여기 감히 어디라고 농이 아냐
너의 매력에 대한 사실을 고한다 Oh 
날 보고 웃는 게 좋아선지
아니면 그냥 우스워 보이는 건지 ho
Yeh 지금 자릴 찾고 있다면
Yeh 내 옆자리가 좋아 보여
Yeh 너에게 관심 많어
신발 사이즈 까지도 Oh Oh
아 지금 너 땜에 불이 나
나를 식히는 건 무리야
아 지금 너 땜에 불이 나
모르겠다 모르겠다
어떻게든 되겠지
그니까 내 말은
너를 다 알고 싶어
너를 노래해 U Hoo
너를 노래해 U Hoo
입술이 말라도
할 말은 해야겠어 Baby
아껴 널 아껴 널
현기증 날 정도로 
아낀다 요즘 말야
내가 말야 요즘 말야
아낀다 요즘 말야 내가 말야
요즘 요즘 말야
너 여기 기대도 돼 
너의 아픔 나로 덮어도 돼
네 속마음 불어
눈치 채긴 역부족
Can't fake it no more
끌어올려 속도
튕기는 건 이 쯤에서 끝내고
이제 나도 한 번 불러 보자
Baby You're My Angel
너를 다 알고 싶어
너를 노래해 U Hoo
너를 노래해 U Hoo
입술이 말라도
할 말은 해야겠어 Baby
아껴 널 아껴 널
현기증 날 정도로 
아낀다 요즘 말야
내가 말야 요즘 말야
아낀다 요즘 말야 내가 말야
요즘 요즘 말야",2015,2015,2015,0.7291666667,0.4081632653,불도저,https://is3-ssl.mzstatic.com/image/thumb/Music124/v4/75/7d/b9/757db928-7365-3af7-4a95-22c430d2c10d/cover-.jpg/592x592bb.webp,67
원더걸스,여성,Be My Baby,"Watching 계속 바라보며 난
Waiting 니가 다가오기만을 바래
어서 내게 와 날 데려가 제발
Dreaming 니 맘도 나 같기를
Praying 가슴 조이며 난 기도해
저 하늘에 이렇게 두 손을 모아서
이런 적이 없는데 내 가슴이
두근두근 두근대고
몇 번 본 적 없는데 니 모습이
자꾸 꿈에 나와
차분하려 하는데
니가 또 내 앞에만 나타나면
사랑한다고 말해버릴 것만 같아
Please be my baby
Please be my baby
너만 생각하면 미치겠어
니가 너무너무 갖고 싶어서
Make me your lady
Make me your lady
나의 사랑을 너에게 줄게 절대
후회하지 않게 해줄게 No
Crazy 내가 미쳤는지 왜
Lately 하루 종일 난 뭘 하든지
너의 사진이 머릿속에 박혔어
Perfect 모든 게 완벽해
Terrific 겉과 속 모두 다
어쩜 너는 모자라는 게
하나도 없는 건지
차분하려 하는데
니가 또 내 앞에만 나타나면
사랑한다고 말해버릴 것만 같아
Please be my baby
Please be my baby
너만 생각하면 미치겠어
니가 너무너무 갖고 싶어서
Make me your lady
Make me your lady
나의 사랑을 너에게 줄게 절대
후회하지 않게 해줄게 No
자 더 이상 이제 망설이지 마
내 말을 의심하지 마
내 말을 믿고 나를 따라와
난 니 인생의 마지막
여자가 되고 넌 내 마지막 남자가
될 거란 걸 알지만
넌 아직 몰라 왜 놀라
자 어서 빨리 나를 골라
말 할 필요도 없어 그냥 내 말대로
잘 할 생각만 하면 돼
그러니 니 앞에 날 잘 보고
판단을 해 봐
어때 88 나이도 딱 맞아
모두 다 맞아
Please be my baby
Please be my baby
너만 생각하면 미치겠어
니가 너무너무 갖고 싶어서
Make me your lady
Make me your lady
나의 사랑을 너에게 줄게 절대
후회하지 않게 해줄게 No",2011,2011,2007,0.6721311475,0.5263157895,불도저,https://is3-ssl.mzstatic.com/image/thumb/Music123/v4/0a/9d/2f/0a9d2f78-713f-92ca-fa3f-1db1d62c0681/610696268433.jpg/592x592bb.webp,101
WINNER,남성,REALLY REALLY,"REALLY REALLY REALLY REALLY
OH WAH
REALLY REALLY REALLY REALLY
어디야 집이야 안 바쁨 나와봐
너네 집 앞이야 너에게 
하고픈 말이 있어
이걸 어떻게 말을 꺼내야 
할진 모르겠지만
이상한 말 아냐 부담 없이 들어줘
지금 내 눈에 제일 
아름다운 건 너야 LADY
널 향한 내 맘이 돈이면 
아마 난 BILLIONAIRE
널 좋아해
REALLY REALLY REALLY REALLY
내 맘을 믿어줘 OH WAH
REALLY REALLY REALLY REALLY
널 좋아해
REALLY REALLY REALLY REALLY
내 맘을 받아줘 OH WAH
REALLY REALLY REALLY REALLY
넌 나 어때
멋지게 골인
프러포즈 같은 세리머니
정해보자 호칭 
허니 말고 자기 아님 달링
낯간지럽네 상상해봐도
긴장돼 필요해 
a lot of alcohol
덩치는 산만해도 
네 앞에선 작아지네
oh 내 맘 알까나
첫눈에 미끄러지듯이 
Falling in love
내 맘을 훔친 범인인 건 
바로 너
너의 미모 질투해 여신도
내 심장의 떨림은 진동 brrr
치명적인 매력이 날 killin’
섹시해 날 자극하는 
Hot chili woo
오해하지 마 나는 진짜
진심으로 채워줄게 너의 빈 잔
지금 내 눈에 제일 
아름다운 건 너야 LADY
널 향한 내 맘이 돈이면 
아마 난 BILLIONAIRE
널 좋아해
REALLY REALLY REALLY REALLY
내 맘을 믿어줘 OH WAH
REALLY REALLY REALLY REALLY
널 좋아해
REALLY REALLY REALLY REALLY
내 맘을 받아줘 OH WAH
REALLY REALLY REALLY REALLY
넌 나 어때
혹시라도 내가 
불편하면 let me know
한걸음 뒤로 가 
단지 아는 사이로
기다릴 수 있어 
너도 나를 좋아할 거 같다 말해줘 
지금 당장 만나 
나 진심으로 네게 할 말이 있어 
널 좋아해
REALLY REALLY REALLY REALLY
내 맘을 믿어줘 OH WAH
REALLY REALLY REALLY REALLY
널 좋아해
REALLY REALLY REALLY REALLY
내 맘을 받아줘 OH WAH
REALLY REALLY REALLY REALLY
넌 나 어때
네가 좋아 
REALLY REALLY OH YEAH
널 좋아해",2017,,,0.8026315789,0.4594594595,불도저,https://is4-ssl.mzstatic.com/image/thumb/Music124/v4/c1/e4/c3/c1e4c3dd-c227-4aa0-9e9c-4ad079795945/WINNER_DIGITAL_COVER_final_L.jpg/592x592bb.webp,34
오렌지 캬라멜,여성,립스틱 (LIPSTICK),"립스틱 스틱 세우고
립스틱 스틱 세우고
어찌나 눈이 높던지
애인이 있는 건지
살짝 시크해보여
하나도 관심 없는 척
속이는 거 다 알아
흘리고 다니잖아
오똑한 콧날에 베일 것 같아
짜릿 짜릿 네 눈빛에 녹을 것 같아
구릿빛 피부가 달콤해 보여
아슬아슬 다가가서 훔치고 싶어
립스틱 스틱 세우고
내 입술에 바르고
잘 다려진 하얀 셔츠 위에
살짝 묻히고
립스틱 스틱 세우고
네 입술에 맞추고
아찔아찔 솟은 쇄골 위에
몰래 묻히고 어머어머
어어어어 어머어머
몰래 묻히고 어머어머
어어어어 어머어머
어쩌다 그리 된 건지
사연이 있는 건지
살짝 화가나 보여
사실 좀 미안하지만
즐기는 거 다 알아
몰래 웃고 있잖아
촉촉한 눈빛에 빠질 것 같아
찌릿 찌릿 네 향기에 취할 것 같아
우윳빛 피부가 눈부셔 보여
아슬아슬 다가가서 훔치고 싶어
립스틱 스틱 세우고
내 입술에 바르고
잘 다려진 하얀 셔츠 위에
살짝 묻히고
립스틱 스틱 세우고
네 입술에 맞추고
아찔아찔 솟은 쇄골 위에
몰래 묻히고 어머어머
어어어어 어머어머
몰래 묻히고 어머어머
어어어어 어머어머
좀 빼지마 가만히 둘 순 없어
널 널 널
이러지마 오늘 처음 봤잖아
립스틱 스틱 세우고
내 입술에 바르고
잘 다려진 하얀 셔츠 위에
살짝 묻히고
립스틱 스틱 세우고
네 입술에 맞추고
아찔아찔 솟은 쇄골 위에
몰래 묻히고 어머어머
어어어어 어머어머
몰래 묻히고 어머어머
어어어어 어머어머",2012,2012,2010,1,0.08333333333,유혹자,https://is2-ssl.mzstatic.com/image/thumb/Music124/v4/7e/01/f4/7e01f4ff-b4e7-fa7e-33f1-b3369ec3bb0b/KM0001745-_1_-0912.jpg/592x592bb.webp,1
aespa,여성,도깨비불,"You’re so yummy yummy yummy
In my tummy tummy tummy

Look at you 빨라지는 걸음걸이
Look at me 호기심을 자극하지
Look at them 알아챌 수 없는 거리
Baby don’t panic 한밤의 Party

차올라 달이 딱 좋은 Timing
이건 비밀이야 쉿 우리만의
한밤의 Party 널 끌어당김
어쩌니 내게 뺏겨버린 환심

몽롱한 기분이 좋은 Tonight
색다른 세계로 이끄는 Light

Follow me, Come and get illusion
한입에 삼켜 널 Delicious
아찔한 미끼로 Hook up
관심을 먹고 Growing up
Follow me, Come and get illusion
몸집을 불려가 Delicious
점점 더 커지는 Fire
관심을 먹고 Growing up

(Will o' the wisp)
겁내지 말고 이리 온
(Will o' the wisp)
겁내지 말고 이리 온

Easy peasy 너도 알다시피
When you dizzy 내겐 그저 Dish
도깨비불 너를 놀려 Boo
예상 못 한 순간 등장하지 불쑥

첨 보는 Style 멋모를 Timing
너의 약점에다 Hit! It’s so funny
한밤의 Party 널 끌어당김
알아도 막을 수 없는 반칙

낯선 이 기분이 묘한 Tonight
감춰둔 본능을 이끄는 Light

Follow me, Come and get illusion
한입에 삼켜 널 Delicious
아찔한 미끼로 Hook up
관심을 먹고 Growing up
Follow me, Come and get illusion
몸집을 불려가 Delicious
점점 더 커지는 Fire
관심을 먹고 Growing up
(Will o' the wisp)
겁내지 말고 이리 온
(Will o' the wisp)
겁내지 말고 이리 온

Yummy yummy yummy
In your tummy tummy tummy
놀란 너의 Face 나를 저격하는 Taste
멀리멀리 달아나도 소용없어 이미
Come get illusion
So fool

Follow me, Come and get illusion
유일한 목격자 You’re the one
방심한 틈을 타 Swallow
환상을 먹고 Growing up
Follow me, Come and get illusion
순진한 먹잇감 Delicious
단번에 노리는 Hunter
네 맘을 뺏어 Growing up

(Will o' the wisp)
겁내지 말고 이리 온
(Will o' the wisp)
겁내지 말고 이리 온",2022,,,0.84375,0.2,유혹자,https://is3-ssl.mzstatic.com/image/thumb/Music112/v4/c9/7d/dd/c97ddd34-5962-8cf1-a55c-cf730d3069f5/888735941375.jpg/592x592bb.webp,18
트러블메이커,혼성,Trouble Maker,"1 2 3
니 눈을 보면 난
Trouble Maker
니 곁에 서면 난
Trouble Maker
조금씩 더 더 더
갈수록 더 더 더
이젠 내 맘을
나도 어쩔 수 없어
니가 나를 잊지 못하게
자꾸 니 앞에서 또
니 맘 자꾸 내가 흔들어
벗어날 수 없도록
니 입술을 또 훔치고
멀리 달아나버려
난 Trou a a a ble Trouble
Trou Trouble Maker
Trouble Maker Trouble Maker
Trouble Maker Trouble Maker
니 맘을 깨물고 도망칠 거야
고양이처럼 넌 자꾸 안달이 날 거야
내 앞으로 와 어서 화내보렴
내 섹시한 걸음 니 머리 속에
발동을 거는 은근한 스킨십
얼굴에 비친 못 참아 죽겠단 니 눈빛
갈수록 깊이 더 빠져들어 알수록
니가 더 맘에 들어 Baby
아무래도 니 생각에 취했나봐
Lady I never never never stop
니가 나를 잊지 못하게
자꾸 니 앞에서 또
니 맘 자꾸 내가 흔들어
벗어날 수 없도록
니 입술을 또 훔치고
멀리 달아나버려
난 Trou a a a ble Trouble
Trou Trouble Maker
Trouble Maker Trouble Maker
Trouble Maker Trouble Maker
어떻게 널 내 맘에
담아둘 수 있는지 Trouble Maker
그냥 내 맘이 가는대로
이젠 I never never stop
멈출 수 없어
니가 나를 잊지 못하게
자꾸 니 앞에서 또
니 맘 자꾸 내가 흔들어
벗어날 수 없도록
니 입술을 또 훔치고
멀리 달아나버려
난 Trou a a a ble Trouble
Trou Trouble Maker
Trouble Maker Trouble Maker
Trouble Maker Trouble Maker",2011,2011,2011,0.7037037037,0,유혹자,https://is3-ssl.mzstatic.com/image/thumb/Music124/v4/d4/e0/d1/d4e0d15c-3b82-76c9-40a8-55d6dec4a088/Trouble_Maker.jpg/592x592bf.webp,81
PRODUCE 101,남성,나야 나 (PICK ME),"너를 보던 그 순간 
Pick me Pick me Pick me 
시선 고정 너에게 
Pick me Pick me Pick me 
눈부셔 Shining Shining 
제발 내 맘을 Pick me Pick me 
Pick me Pick me Pick me 
너와 있는 이 시간 
Pick me Pick me Pick me 
난 너무 빨라 불안해 
Pick me Pick me Pick me 
멈춰줘 hold me hold me 
마지막까지 Pick me Pick me 
너는 내게 너무 예뻐서 
꿈일까 난 너무 두려워 
기억해 제발 이 순간 Tonight 
오늘 밤 주인공은 나야 나 나야 나 
너만을 기다려 온 나야 나 나야 나 
네 맘을 훔칠 사람 나야 나 나야 나 
마지막 단 한 사람 나야 나 나야 나 
오늘 밤 주인공은 나야 나 나야 나 
너만을 기다려 온 나야 나 나야 나 
네 맘을 훔칠 사람 나야 나 나야 나 
마지막 단 한 사람 나야 나 나야 나 
Pick me Pick me up 
Pick me Pick me Pick me 
Pick me Pick me up 
Pick me Pick me Pick me 
Pick me Pick me up 
Pick me Pick me Pick me 
Pick me Pick me up 
내가 아닌듯한 나 
Pick me Pick me Pick me 
미쳤어 내게 빠졌어 
Pick me Pick me Pick me 
I'm so Sick Crazy Crazy 
제발 내 맘을 Pick me Pick me 
Pick me Pick me Pick me 
너를 보면 볼수록 
Pick me Pick me Pick me 
난 막지 못해 내 마음 
Pick me Pick me Pick me 
이제는 Call me Call me 
말해줘 내게 빠져 버렸다고 
너무나 예뻐서 꿈일까 두려워 
Oh 빛나는 환상 속의 그대 
날 바라봐줘 너의 맘속으로 
들어가 함께하고 싶어 
오늘 밤 주인공은 나야 나 나야 나
너만을 기다려 온 나야 나 나야 나
네 맘을 훔칠 사람 나야 나 나야 나
마지막 단 한 사람 나야 나 나야 나
오늘 밤 주인공은 나야 나 나야 나
너만을 기다려 온 나야 나 나야 나
네 맘을 훔칠 사람 나야 나 나야 나
마지막 단 한 사람 나야 나 나야 나
Pick me Pick me up
Pick me Pick me Pick me
Pick me Pick me up
Pick me Pick me Pick me
Pick me Pick me up
Pick me Pick me Pick me
Pick me Pick me up",2017,,,0.6349206349,0.8928571429,순정파,https://is4-ssl.mzstatic.com/image/thumb/Music125/v4/b3/c2/83/b3c28354-7867-521f-16db-9444b9b049c8/8809534463310_Cover.jpg/592x592bb.webp,124
NCT DREAM,남성,Hello Future,"Big dreams and big thrills
Flying high 터무니없는 상상해봐
네 눈앞에 달려들고 있는 별
낚아 채 불을 태워 봐

시작이라는 걸 넌 믿을 수 있겠니?
이제야 사랑을 알 것 같아
Ready or not 가는 거야 나를 믿어
Soldiers knocking doors down yelling out

전쟁 전쟁 같던 시간들은
모두 뒤로 보내 가슴이 소리치네
달려가 날아 봐
If you're rocking with me oh oh

Here we go here we go satellite radio
내 미래에 전해 줘
온 세상과 저 광야 위로
후회 없이 사랑했다고 말하게

기다렸어 어서 와
어디든 we’re coming together
아무 걱정 하지 마
잘 될 거야 Hello Future
너를 만나 같이 더 빛나 yeah yeah
Ey we’re on the way up we’re on the way up
아름다운 시간만 쌓자 yeah yeah yeah
We’re going way up we’re going

On our way up Hello Future
On our way up Hello Future

Ey 미래의 너를 조우하게 됐어
경계 위로 손을 맞대면
우린 너무 닮아 있어
뭘 더 찾게 될지 결국 웃게 될지
지금부턴 운명이라고 해

Fire fire 자욱한 연기 속에
살아남은 키 작은 꽃처럼
같은 시간 속에 너를 사랑하고 있어

Here we go here we go
날개를 펼치고
또 꺾이고 다쳐도
누구보다 강한 너잖아
미래의 미래에도 널 사랑할 나란 걸

기다렸어 어서 와
어디든 we’re coming together
아무 걱정 하지 마
잘 될 거야 Hello Future
너를 만나 같이 더 빛나 yeah yeah
Ey we’re on the way up we’re on the way up
아름다운 시간만 쌓자 yeah yeah
We’re going way up we’re going

Ey I’m tryna’ center me
hey where your center be?
흔들리지 않게 걸어 나아갈 수 있을지
Too many cynical 거꾸로 갔던 Entropy
그 어디쯤 너 기다리고 있을지

멀지 않아 눈을 떠 봐
내가 원한 모든 건 너뿐이라고
we’re on our way up

타 버린 채 여린 온기의
남은 잿더미 속에 ready to clap back
그리 멀지 않은 peace
아픈 시간이 다만 짧기를 바라고 또 원했지
Who you gon’ believe?

기다렸어 어서 와
어디든 we’re coming together
아무 걱정 하지 마
잘 될 거야 Hello Future
너를 만나 같이 더 빛나 yeah yeah
Ey we’re on the way up we’re on the way up
아름다운 시간만 쌓자 yeah
We’re going way up we’re going

We’re going way up
곁에 함께 있어줘
오직 너만이 내 미래라는 걸
Just keep looking to the stars
널 기다렸어
Hello Future",2021,,,0.6351351351,1,순정파,https://is4-ssl.mzstatic.com/image/thumb/Music125/v4/df/96/8e/df968ee9-ab22-1f14-a2ee-4943204b2324/cover.jpg/592x592bb.webp,123
NCT DREAM,남성,북극성,"변해가는 계절들을 막아 줄 거란
그런 말로 너를 붙잡을 순 없지만
많은 계절을 마주칠 너에게
이 마음 하날 비춰주려 해

떠나는 걸음이 맘이 흐려지지 않게
So please don't cry 약속할 테니

유난히 짙고 긴 밤 견디던 어느 날
눈물을 참지 못해 문득 고개를 들면
반짝이는 별을 따라
다시 돌아올 길을 찾을 거야
It's Never Goodbye

네가 지금 가야 하는 길이
나와 엇갈릴 수도 있어
항상 같은 방향을 걸을 수 없단 걸
I know I know I know (I know)
함께 가는 방법을 찾을 수 없다면
너를 멀리서 늘 비춰줄 거야

난 그대로야 여전해 Like a photo
시간은 근데 그렇지 않더라고
이거 듣고 기억들을 간지럽혀
I see you 눈을 감아도
You know that’s not normal for you
I’m not normal

잠시 놓쳐도 단번에 찾을 수 있게
그 자리에서 기다릴게
우린 It’s Never Goodbye
다시 돌고 돌아 어둠 속에서
내가 너를 알아보듯 언젠가
Find me please

멈춰 선 내 맘이 다시 달려가지 않게
So please don't cry 약속할 테니

유난히 짙고 긴 밤 견디던 어느 날
눈물을 참지 못해 문득 고개를 들면
반짝이는 별을 따라
다시 돌아올 길을 찾을 거야
It's Never Goodbye

언젠가 나에게 돌아오는 날
한 걸음에 널 마중 갈게
You were you are you and I
항상 함께 일 거야
그때는 엇갈리지 마

유난히 짙고 긴 밤 견디던 어느 날
눈물을 참지 못해 문득 고개를 들면
반짝이는 별을 따라
다시 돌아올 길을 찾을 거야
It's Never Goodbye

You never say goodbye
같은 시간 같은자리 같은 공간 속
밝혀줘 어둠 속 Starlight
너로 인해 나의 하나뿐인 별자리가
완성되어가길 바라

불안해하지 마 난 너를 보고 있어
같이 있던 밤 기억하고 있어
낯선 길을 걸을 땐 고개를 들어
저 별을 바라봐",2022,,,0.5454545455,0.8965517241,순정파,https://is1-ssl.mzstatic.com/image/thumb/Music116/v4/17/3a/82/173a823c-0fc9-48dd-ab7a-d847e39dfd81/NCTDREAM_02_Glitch_Mode_digital_cover.jpg/592x592bb.webp,179
2PM,남성,10점 만점에 10점,"That girl 너무 예뻐 
Oh my god 기가 막혀 
이건 본 적이 없는 그런 아름다움이야 
말로 설명해도 알아듣지 못할거야 
책 속에서나 볼 수 있는 
꿈 속에서나 만나보는 
그런 여자란 말야 
날이면 날마다 오지 않아 
뒷모습이 너무 사람을 괴롭게 해 
착한 나를 자꾸 나쁜 맘을 먹게 해 
이건 참을 수가 없어 정말 너무나 괴로워 
영화 미녀는 괴로월 볼 때 보다 더 괴로워
그녀의 입술은 맛있어 입술은 맛있어
10점 만점에 10점
그녀의 다리는 멋져 다리는 멋져
10점 만점에 10점
그녀의 날리는 머릿결 날리는 머릿결
10점 만점에 10점
그녀는 머리에서 발끝까지 모두 다
10점 만점에 10점
나를 보고 웃는데 10점
말하는 목소리가 10점
만나면 만나 볼 수록 어쩜
빈틈이 없어 Yes sir Yes sir
그녀 때문에 정말 미쳤어
하루라도 안 볼 수가 없어
어제 너무 바빠 하루 쉬었어
그러자 입에 가시가 돋쳤어 Oh
뒷모습이 너무 사람을 괴롭게 해
착한 나를 자꾸 나쁜 맘을 먹게 해
눈이 떨어지질 않아 정말 말이 되질 않아
이건 야한 만화영화 보다 더 야한 것 같아
그녀의 입술은 맛있어 입술은 맛있어
10점 만점에 10점
그녀의 다리는 멋져 다리는 멋져
10점 만점에 10점
그녀의 날리는 머릿결 날리는 머릿결
10점 만점에 10점
그녀는 머리에서 발끝까지 모두 다
10점 만점에 10점
라라 랄랄라 랄라 Pretty baby
라라 랄랄라 랄라 Be my lady
라라 랄랄라 랄라 Pretty baby
라라 랄랄라 랄라 Be my lady
라라 랄랄라 난 빠졌잖아
그녀 없이 사는 건 해보나마나
그녀가 주는게 너무나 많아
내 입에서 미소가 끊이질 않아
그녀 없인 사나 마나
그럼 이제 나는 어떻게 하나
에라 모르겠다 이대로가 좋다
그녀가 술이면 취해 버리련다
그녀의 입술은 맛있어 입술은 맛있어
10점 만점에 10점
그녀의 다리는 멋져 다리는 멋져
10점 만점에 10점
그녀의 날리는 머릿결 날리는 머릿결
10점 만점에 10점
그녀는 머리에서 발끝까지 모두 다
10점 만점에 10점
Haha 10점 만점에 10점
You know what it is 10점 만점에 10점
It's JYP 10점 만점에 10점
And 2PM baby 10점 만점에 10점",2008,2008,2008,0.828125,0.1052631579,숭배자,https://is1-ssl.mzstatic.com/image/thumb/Music/2b/68/48/mzi.ykhgzqju.jpg/592x592bb.webp,25
PRODUCE 101,남성,Super Hot,"get up get up then get down get down
get up get up and party
get up get up then get down get down
저기 걸어오는 그녀 눈이 부시네
Imma going crazy you know it
도도히 고갤 돌려 아 내 맘 설레네
어질어질하네 다른 별에서 왔나
Fashionista 나도 한 멋짐 하는데
Funky sister 오늘 힘 좀 줘봤어 나
딴 늑대들 쳐다 보지마
내 그녀가 닳는단 말야
Let me take you out now
우리 지금 가자
오늘 나와 데이트하는 거야
우 실감이 안나
우 네가 내 여자니
앞모습도 뒷모습도 완전 여신이야
Uh uh I gotta tell you what 
미치겠어 to have a girl like this is
Super Hot She's Super Hot
나나나나나나나 예
넌 태양보다 뜨거워 메가톤 Bomb
She's Hot Too Super Hot
나나나나나나나 예
Get up get up 넌 특별한 Girl
Girl she's Super Hot
get up get up then get down get down 
get up get up and party
get up get up then get down get down 
오늘 밤에 너와 Party
넌 그냥 완벽 남에겐 철벽
내게 주는 눈빛조차 아까워
come on 넌 나의 girl 여기에 sit down
돌아가는 back back 유턴은 노 없지
오늘이 날이야 너와나 party야
I'm gonna get up get up 너와 춤추지
아 나 정신 없어 왜 이렇게 예뻐 너
Fashionista 너와 잘 어울리지 나
Funky sister 오늘 차려 입었어 나
딴 늑대들 쳐다 보지마
내 그녀가 닳는단 말야
Let me take you out now
우리 지금 가자
오늘 나와 데이트하는 거야
우 실감이 안나
우 네가 내 여자니
앞모습도 뒷모습도 완전 여신이야
Uh uh I gotta tell you what 
미치겠어 to have a girl like this is
Super Hot She's Super Hot
나나나나나나나 예
넌 태양보다 뜨거워 메가톤 Bomb
She's Hot Too Super Hot
나나나나나나나 예
Get up get up 넌 특별한 Girl
Girl she's Super Hot
get up get up then get down get down 
get up get up and party
get up get up then get down get down 
오늘 밤에 너는 Super Hot
get up get up then get down get down 
get up get up and party
get up get up then get down get down
오늘 밤에 너와 Party
Listen up girl 나나나나나나나 예
우리 더 이상 말은 필요 없지
Fashionista you're making me 
feel so good now
Funky sister 이 구역의 여신은 너
딴 늑대들 쳐다 보지마
내 그녀가 닳는단 말야
Let me take you out now
우리 지금 가자
오늘 나와 데이트하는 거야
Let me take you out now
우리 지금 가자
오늘 나와 파티하는 거야 날밤 새
Super Hot She's Super Hot
나나나나나나나 예
넌 태양보다 뜨거워 메가톤 Bomb
She's Hot Too Super Hot
나나나나나나나 예
Get up get up 넌 특별한 Girl
Girl she's Super Hot
get up get up then get down get down 
get up get up and party
get up get up then get down get down 
오늘 밤에 너와 Party
She's Hot Too Super Hot
나나나나나나나 예
get up get up 넌 특별한 Girl
Girl she's Super Hot
get up get up then get down get down 
get up get up and party
get up get up then get down get down
오늘 밤에 너와 Party",2017,,,0.8333333333,0.875,숭배자,https://is4-ssl.mzstatic.com/image/thumb/Music122/v4/a9/48/3c/a9483c1f-47e7-26b4-a372-5cd964e8c78a/8809534465833_Cover.jpg/592x592bb.webp,24
방탄소년단,남성,My Universe,"You, you are my universe and
I just want to put you first
And you, you are my universe, and I…

In the night I lie and look up at you
When the morning comes I watch you rise
There’s a paradise they couldn’t capture
That bright infinity inside your eyes

매일 밤 네게 날아가 (가)
꿈이란 것도 잊은 채
나 웃으며 너를 만나 (나)
Never ending forever baby

You, you are my universe and
I just want to put you first
And you, you are my universe, and
You make my world light up inside

어둠이 내겐 더 편했었지
길어진 그림자 속에서 (eyes)

And they said that we can’t be together
Because
Because we come from different sides

You, you are my universe and
I just want to put you first
And you, you are my universe, and
You make my world light up inside

My universe (do do, do do)
My universe (do do, do do)
My universe (do do, do do)
(you make my world)
You make my world light up inside

Make my world light up inside

나를 밝혀주는 건
너란 사랑으로 수 놓아진 별
내 우주의 넌
또 다른 세상을 만들어 주는 걸

너는 내 별이자 나의 우주니까
지금 이 시련도 결국엔 잠시니까
너는 언제까지나 지금처럼 밝게만 빛나줘
우리는 너를 따라 이 긴 밤을 수놓을 거야

너와 함께 날아가 (가)
When I’m without you I’m crazy
자 어서 내 손을 잡아 (아)
We are made of each other baby

You, you are my universe and
I just want to put you first
And you, you are my universe, and
You make my world light up inside

My universe (you, you are)
My universe (I just want)
My universe (you, you are)
My universe, and I

My universe",2021,,2013,0.8039215686,0.5161290323,숭배자,https://is2-ssl.mzstatic.com/image/thumb/Music125/v4/df/60/00/df600071-c5c7-24e7-e4d7-1a6b71fa44e7/190296529818.jpg/592x592bb.webp,32
소녀시대 (GIRLS' GENERATION),여성,Gee,"Uh Huh Listen Boy 
My First Love Story 
My Angel and My Girl
My Sunshine
Uh Uh Let's go
너무 너무 멋져 눈이 눈이 부셔
숨을 못 쉬겠어 떨리는 Girl
Gee Gee Gee Gee Baby Baby Baby
Gee Gee Gee Gee Baby Baby Baby
너무 부끄러워 쳐다 볼 수 없어
사랑에 빠져서 수줍은 Girl
Gee Gee Gee Gee Baby Baby Baby
Gee Gee Gee Gee
Be Be Be Be Be Be
어떻게 하죠
어떡 어떡하죠
떨리는 나는
떨리는 나는요
두근 두근 두근 두근
두근 두근거려
밤엔 잠도 못 이루죠
나는 나는 바본가봐요
그대 그대밖에 모르는 바보
그래요 그댈 보는 난
너무 반짝 반짝 눈이 부셔
No No No No No
너무 깜짝 깜짝 놀란 나는
Oh Oh Oh Oh Oh
너무 짜릿 짜릿 몸이 떨려
Gee Gee Gee Gee Gee
Oh 젖은 눈빛 Oh Yeah
좋은 향기 Oh Yeah Yeah Yeah
너무 너무 예뻐 맘이 너무 예뻐
첫 눈에 반했어 꼭 짚은 Girl
Gee Gee Gee Gee Baby Baby Baby
Gee Gee Gee Gee Baby Baby Baby
너무나 뜨거워 만질 수가 없어
사랑에 타버려 후끈한 Girl
Gee Gee Gee Gee Baby Baby Baby
Gee Gee Gee Gee
Be Be Be Be Be Be
어쩌면 좋아
어쩌면 좋아요
수줍은 나는
수줍은 나는요
몰라 몰라 몰라 몰라
몰라 몰라 하며
매일 그대만 그리죠
친한 친구들은 말하죠
정말 너는 정말 못 말려
바보 하지만 그댈 보는 난
너무 반짝 반짝 눈이 부셔
No No No No No
너무 깜짝 깜짝 놀란 나는
Oh Oh Oh Oh Oh
너무 짜릿 짜릿 몸이 떨려
Gee Gee Gee Gee Gee
Oh 젖은 눈빛 Oh Yeah
좋은 향기 Oh Yeah Yeah Yeah
말도 못했는 걸
너무 부끄러워 하는 난
용기가 없는 걸까
어떡해야 좋은걸까
두근 두근 맘 졸이며
바라보고 있는 난
너무 반짝 반짝 눈이 부셔
No No No No No
너무 깜짝 깜짝 놀란 나는
Oh Oh Oh Oh Oh
너무 짜릿 짜릿 몸이 떨려
Gee Gee Gee Gee Gee
Oh 젖은 눈빛 Oh Yeah
좋은 향기 Oh Yeah
너무 반짝 반짝 눈이 부셔
No No No No No
너무 깜짝 깜짝 놀란 나는
Oh Oh Oh Oh Oh
너무 짜릿 짜릿 몸이 떨려
Gee Gee Gee Gee Gee
Oh 젖은 눈빛 Oh Yeah
좋은 향기 Oh Yeah Yeah Yeah",2009,2009,2007,0.3827160494,0,순수파,https://is3-ssl.mzstatic.com/image/thumb/Music125/v4/18/6e/c6/186ec634-8a11-959d-12f5-47ac99f551ce/asset.jpg/592x592bb.webp,263
AOA,여성,심쿵해 (Heart Attack),"A ye Brave sound 
And it goes a little something like this 
완전 반해 반해 버렸어요 
부드러운 목소리에 
반해 반해 버렸어요 
난 떨려 
AOA Let's Go 
내가 미쳤나 봐 왜 또 이러지 
내 마음 열여덟 소녀 마냥 
막 쿵쿵대 
숨길 수 없나 봐 난 매일 이러지 
눈이라도 마주치면 
귀까지 확 빨개져 
이해 못해 
네가 걔를 못 봐서 그래 
딱 첫눈에 확 반해 버린다는 말에 
그 마음 이해 가더라 
나도 좀 알겠더라 
널 처음 본 그 순간 
완전 반해 반해 버렸어요 
넓은 어깨 날렵한 눈매에 
부드러운 목소리에 
반해 반해 버렸어요 
너의 얇고 긴 손가락만 봐도 
난 떨려 
어머나 자꾸만 심쿵해 
널 보면 볼수록 
가슴이 쿵쿵대 나도 모르겠어 
심쿵해 나 어쩌면 좋아 
자꾸만 네 품에 
꼭 안기고 싶어 baby 
어쩌다 눈이라도 마주치면 
난 심쿵 거려 
너의 작은 관심이라도 받을까 
아등바등 거려 
너는 대체 걔가 뭐가 그리 좋아 
라고 묻는 친구들에게 말해 
야 모르면 말을 말어 
이해 못해 네가 걔를 못 봐서 그래 
딱 첫눈에 확 반해 버린다는 말에 
그 마음 이해 가더라 
나도 좀 알겠더라 
널 처음 본 그 순간 
완전 반해 반해 버렸어요 
넓은 어깨 날렵한 눈매에 
부드러운 목소리에 
반해 반해 버렸어요 
너의 얇고 긴 손가락만 봐도
난 떨려 
어머나 자꾸만 심쿵해
널 보면 볼수록
가슴이 쿵쿵대 나도 모르겠어
심쿵해 나 어쩌면 좋아
자꾸만 네 품에
꼭 안기고 싶어 baby
오 나의 왕자님 어디를 보나요
바로 여기 내가 있는데요
너무나 멋진 그대
난 그대 하나면 돼
난 그대 없이 못 살아요 
완전 반해 반해 버렸어요
부드러운 목소리에
반해 반해 버렸어요
난 떨려
어머나 자꾸만 심쿵해 
Everybody say What AOA
쿵쿵대
And it goes a little something like this
심쿵해
한번 더 say What AOA
네 품에 꼭 안기고 싶어 baby",2015,2015,2012,0.2676056338,0.1875,순수파,https://is1-ssl.mzstatic.com/image/thumb/Music125/v4/07/07/af/0707af0e-5674-bc01-4d8d-0ab2cdc7252a/cover-AOA_Heart_Attack.jpg/592x592bb.webp,294
원더걸스,여성,I Feel You,"내게 걸어놓은 마법이 뭔지
헤어 나오질 못하고 있어
한번도 이런 적이 없이
흔들린 적이 없었던 난데 No
Woo 하루 종일 이래 네 생각에 취해
Woo 기다리기만 해 널 만나러 가게
Woo woo baby 어쩌면 좋아
너 없인 못 살 것만 같아
Woo baby
I Feel You
혼자 있어도 너의 손길이 느껴져
하루 종일 나를 만져
I Feel You
빠져있는데 헤어나올 수가 없어
너에게 달려갈 생각뿐이 없어
점점 더 빠져만 가
점점 더 미쳐만 가
점점 더 어떻게 나 
Baby
네 손길이 아직도 나를
스치고 있는 것만 같아
네 목소리가 내 귓가에
계속 속삭이는 것만 같아 No
Woo 하루 종일 이래 네 생각에 취해
Woo 기다리기만 해 널 만나러 가게
Woo woo baby 어쩌면 좋아
너 없인 못 살 것만 같아
Woo baby
I Feel You
혼자 있어도 너의 손길이 느껴져
하루 종일 나를 만져
I Feel You
빠져있는데 헤어나올 수가 없어
너에게 달려갈 생각뿐이 없어
눈 감아도 들려
달콤한 숨결 느껴
그만 날 보고 불 꺼
니 시선이 더 날 붉혀
손발 끝 간질거려와
달아오르는 체온 숨 가빠와
더 이상은 참을 수가 없어 나
이제 Please baby be mine
I Feel You
혼자 있어도 너의 손길이 느껴져
하루 종일 나를 만져
I Feel You
빠져있는데 헤어나올 수가 없어
너에게 달려갈 생각뿐이 없어
점점 더 빠져만 가
점점 더 미쳐만 가
점점 더 어떻게 나
Baby",2015,2015,2007,0.01923076923,0.1538461538,순수파,https://is1-ssl.mzstatic.com/image/thumb/Music112/v4/c8/d4/ad/c8d4ad3c-3245-340a-f8df-a84e972a6ebe/738676855906.jpg/592x592bb.webp,331
원더걸스,여성,Why So Lonely,"너와 입술이 닿을 때부터 
모든 게 달라질 줄 알았는데
별거 없어 넌 다른 게 없어
너와 보내는 주말 밤이
아주 달콤할 거라 믿었는데
별거 없어 넌 다를 게 없어
어이없어 영화에 나오는 예쁜 연인들처럼
나나난난 그런 사랑을 원하는데
Baby why I'm so lonely
난 애타는데 넌 뭐니
Baby no 내 마음이
언제 널 떠나 버릴지 몰라
Tell me why
뭐야 니 맘은 도대체
뭐야 내가 얼마나 널
사랑하는 데 이렇게 답답한 기분은 뭔데
뭔가 콩깍지가 씌었는데
너도 나만큼 빠져야 하는데
너만 멋져 내 마음만 다쳐
괜찮을 거라고 Mind control
해도 예상 밖에 있는 내 남잔
Out of control 잔소리만 넘쳐
어이없어 알면 알수록 모르겠어
맘이 왜 자꾸 외로워지는지
나나난난 텅 빈 방안에 
혼자 갇혀버린 것 같아 
Baby why I'm so lonely
난 애타는데 넌 뭐니
Baby no 내 마음이
언제 널 떠나 버릴지 몰라
Tell me why
뭐야 니 맘은 도대체
뭐야 내가 얼마나 널
사랑하는 데 이렇게 답답한 기분은 뭔데
I don’t wanna talk about it
말하지 않아도 모두 다 알아 봐주길
아 이건 내 그저 가벼운 바램일 뿐
귓가엔 그저 스치는 바람일 뿐
귀찮다는 듯 얼굴을 구겨 
뭐든 대충대충 
당연하단 듯 너는 우겨 
담엔 더 잘해줄게 응
다음이 어디 있어 
네 이번 기회 떠나기 전
오 아직도 넌 정신 못 차리면 
뻥 차기 직전
Baby why I'm so lonely
난 애타는데 넌 뭐니
Baby no 내 마음이
언제 널 떠나버릴지 몰라
Tell me why
뭐야 니 맘은 도대체
뭐야 내가 얼마나 널
사랑하는 데 이렇게 답답한 기분은 뭔데
뭐야 니 맘은 도대체
뭐야 내가 얼마나 널
사랑하는 데 이렇게 답답한 기분은 뭔데
뭐야 ",2016,2016,2007,0.1551724138,0.3035714286,약한 자아,https://is4-ssl.mzstatic.com/image/thumb/Music112/v4/80/8e/7a/808e7a87-c2aa-7015-99f7-656c785afa19/738676856460.jpg/592x592bb.webp,320
2am,남성,죽어도 못 보내,"어려도 아픈건 똑같아
세상을 잘 모른다고
아픈걸 모르진 않아
괜찮아 질거라고 왜 거짓말을 해
이렇게 아픈 가슴이 어떻게 쉽게 낫겠어
너 없이 어떻게 살겠어 그래서 난
죽어도 못 보내 내가 어떻게 널 보내
가려거든 떠나려거든 내 가슴 고쳐내
아프지 않게 나 살아갈 수라도 있게
안 된다면 어차피 못살 거
죽어도 못 보내
아무리 니가 날 밀쳐도
끝까지 붙잡을 거야
어디도 가지 못하게
정말 갈거라면 거짓말을 해
내일 다시 만나자고 웃으면서 보자고
헤어지잔 말은 농담이라고 아니면 난
죽어도 못 보내 내가 어떻게 널 보내
가려거든 떠나려거든 내 가슴 고쳐내
아프지 않게 나 살아갈 수라도 있게
안 된다면 어차피 못살 거
죽어도 못 보내
그 많은 시간을 함께 겪었는데
이제와 어떻게 혼자 살란 거야
그렇겐 못해 난 못해
죽어도 못 보내 정말로 못 보내
내가 어떻게 널 보내
가려거든 떠나려거든 내 가슴 고쳐내
아프지 않게 나 살아갈 수라도 있게
안 된다면 어차피 못살 거
죽어도 못 보내",2010,2010,2008,0.4516129032,0.2727272727,약한 자아,https://is3-ssl.mzstatic.com/image/thumb/Music122/v4/44/42/f2/4442f29d-000b-a737-fceb-0c29cd0aa22d/738676856002.jpg/592x592bb.webp,227
틴탑,남성,미치겠어,"OK you got me going crazy
I don't know what to do
I need you
I need you Babe Babe Babe
안녕이란 말은 하지말아
I want you Babe Babe Babe
왜 이리 사랑이 힘든건지
너 제발 Stop Stop
Breaking my heart I love you girl
Stop Stop Breaking my heart
I need you girl
Stop Stop Breaking my heart
I love you girl
대체 아리송한 니 속을
난 알 수 없잖아
뭐하는 거야 왜 이리 연락이 안 돼
혹시 다른 사람이라도 생긴거야
보고싶단 말이야 이건 정말 아니야
내 전화 왜 피해 너 장난치지마
실감조차도 나질않아
너 하나 곁에 없으니 나
매일매일 하루하루가
내겐 그저 지옥같아
죽도록 너무 아픈데
미칠 듯이 힘든데
니가 찢어놓은 내 맘 나 어떡해
I need you Babe Babe Babe
안녕이란 말은 하지말아
I want you Babe Babe Babe
왜 이리 사랑이 힘든건지
너 제발 Stop Stop
Breaking my heart I love you girl
Stop Stop Breaking my heart
I need you girl
Stop Stop Breaking my heart
I love you girl
대체 아리송한 니 속을
난 알 수 없잖아
미친 듯 지우려고 애써봐도
다 소용없는 내맘
아무리 봐도 내겐
오직 너 하나뿐인 내맘
You're the One One
Can't get u outta Ma mind
부르지도 못할 널
못 잊어 울고있어 나만
금방 잊혀지겠지 뭐 잠깐
하던 날은 자꾸 늘어가
돌아올꺼란 착각 괴롭히는걸
아무래도 이러다 너땜에 미치겠어
돌아와 돌아와 여기서 기다릴께
I need you Babe Babe Babe
안녕이란 말은 하지말아
I want you Babe Babe Babe
왜 이리 사랑이 힘든건지
너 제발 Stop Stop
Breaking my heart I love you girl
Stop Stop Breaking my heart
I need you girl
Stop Stop Breaking my heart
I love you girl
대체 아리송한 니 속을
난 알 수 없잖아
I love u girl Oh my girl
니 생각에 나 정말 미치겠어
I miss u girl Oh my girl
오늘따라 니가 보고 싶잖아
one two three four Everybody
come on Here we Go
Teen Top Go Go
Put your Hands up High High
one two three four
Everybody come on Here we Go
Teen Top Go Go
Put your Hands up High High",2012,2012,2010,0.3866666667,0.28125,약한 자아,https://is5-ssl.mzstatic.com/image/thumb/Music/a9/da/7f/mzi.frqfasxb.jpg/592x592bb.webp,261
방탄소년단,남성,Fake Love,"널 위해서라면 난
슬퍼도 기쁜 척 할 수가 있었어
널 위해서라면 난
아파도 강한 척 할 수가 있었어
사랑이 사랑만으로 완벽하길
내 모든 약점들은 다 숨겨지길
이뤄지지 않는 꿈속에서
피울 수 없는 꽃을 키웠어
I'm so sick of this
Fake Love Fake Love Fake Love
I'm so sorry but it's
Fake Love Fake Love Fake Love
I wanna be a good man just for you
세상을 줬네 just for you
전부 바꿨어 just for you
Now I dunno me who are you
우리만의 숲 너는 없었어
내가 왔던 route 잊어버렸어
나도 내가 누구였는지도
잘 모르게 됐어
거울에다 지껄여봐 너는 대체 누구니
널 위해서라면 난
슬퍼도 기쁜 척 할 수가 있었어
널 위해서라면 난
아파도 강한 척 할 수가 있었어
사랑이 사랑만으로 완벽하길
내 모든 약점들은 다 숨겨지길
이뤄지지 않는 꿈속에서
피울 수 없는 꽃을 키웠어
Love you so bad Love you so bad
널 위해 예쁜 거짓을 빚어내
Love it’s so mad
Love it’s so mad
날 지워 너의 인형이 되려 해
Love you so bad
Love you so bad
널 위해 예쁜 거짓을 빚어내
Love it’s so mad
Love it’s so mad
날 지워 너의 인형이 되려 해
I'm so sick of this
Fake Love Fake Love Fake Love
I'm so sorry but it's
Fake Love Fake Love Fake Love
Why you sad I don't know 난 몰라
웃어봐 사랑해 말해봐
나를 봐 나조차도 버린 나
너조차 이해할 수 없는 나
낯설다 하네
니가 좋아하던 나로 변한 내가
아니라 하네
예전에 니가 잘 알고 있던 내가
아니긴 뭐가 아냐 난 눈 멀었어
사랑은 뭐가 사랑
It's all fake love
Woo I dunno I dunno I dunno why
Woo 나도 날 나도 날 모르겠어
Woo I just know I just know
I just know why
Cuz it’s all Fake Love
Fake Love Fake Love
Love you so bad Love you so bad
널 위해 예쁜 거짓을 빚어내
Love it’s so mad
Love it’s so mad
날 지워 너의 인형이 되려 해
Love you so bad Love you so bad
널 위해 예쁜 거짓을 빚어내
Love it’s so mad
Love it’s so mad
날 지워 너의 인형이 되려 해
I'm so sick of this
Fake Love Fake Love Fake Love
I'm so sorry but it's
Fake Love Fake Love Fake Love
널 위해서라면 난
슬퍼도 기쁜 척 할 수가 있었어
널 위해서라면 난
아파도 강한 척 할 수가 있었어
사랑이 사랑만으로 완벽하길
내 모든 약점들은 다 숨겨지길
이뤄지지 않는 꿈속에서
피울 수 없는 꽃을 키웠어",2018,,2013,0.6385542169,0.3454545455,순종자,https://is4-ssl.mzstatic.com/image/thumb/Music126/v4/ff/00/2c/ff002c29-6da9-1a26-16b3-282a73180366/192562871591_Cover.jpg/592x592bb.webp,122
몬스타엑스,남성,아름다워 (Beautiful),"왜 너야 미쳐버릴 것 같아
대체 뭐야 반해버린 것 같아
하루 종일 머릿속에 맴맴 돌아버려
물음표가 매일매일
가시 돋친 걸 알면서도 갖고 싶어
red rose
가시 줄기엔 아름다운
장미가 피는 법
진한 빨강 꽃말은 널 사랑한단 것
온 몸에 피가 나도 널 안고 싶어
Cuz I think about you errday
이미 중독인 걸 말해 뭐해
니가 날 만지면 온몸이 반응해
니가 있어야 살 수 있어
Every day every night
I can feel you
넌 너무 아름다워
눈을 뗄 수가 없어
꽃에 핀 가시같이 찔릴 것 같아도
널 갖고 싶어
So beautiful so beautiful
넌 너무 예뻐 슬프도록 아름다워
Too beautiful to handle
Two fingers thumbs up
감탄사를 던져 맨 정신을 벗겨
미쳐 돌아버릴 것 같아
네 향기를 맡으면
퍼져 퍼져 또 커져 커져
중독 되어 버렸어
찔려버렸어 hurt
사랑과 아픔 그 단어 사이
You’re so awesome
하지마 남몰래 눈짓하는 거
하지마 날 보며 살짝 웃는 거
내 머린 말해 No
but 가슴이 말해 Oh yes
미칠 것 같으니까 I don’t know
싹 다 All in
니가 날 만지면 온몸이 반응해
니가 있어야 살 수 있어
Every day every night
I can feel you
넌 너무 아름다워
눈을 뗄 수가 없어
꽃에 핀 가시같이 찔릴 것 같아도
널 갖고 싶어
So beautiful so beautiful
넌 너무 예뻐 슬프도록 아름다워
Too beautiful to handle
나도 알아 절대 가질 수 없단 걸
바라보기만 할 때 더 아름답단 걸
널 지켜줄게 더 예쁘게 피어줘
Ma one & only baby
다쳐도 좋아 난 괜찮아
Cuz you're ma one & only beautiful
넌 너무 아름다워
눈을 뗄 수가 없어
꽃에 핀 가시같이 찔릴 것 같아도
널 갖고 싶어
So beautiful so beautiful
넌 너무 예뻐 슬프도록 아름다워
Too beautiful to handle",2017,,2015,0.4745762712,0.3392857143,순종자,https://is1-ssl.mzstatic.com/image/thumb/Music124/v4/c7/c5/e1/c7c5e1ee-6454-3a7d-ba9f-6672e29bce9a/cover-.jpg/592x592bb.webp,218
VIXX (빅스),남성,저주인형,"나를 불러 네가 맘이 아플 때
내게만 털어놔 누굴 원하는데
시간을 돌려줄까
마음을 갖다 줄까
잊을 수 없을 땐 가져야 하잖아
나를 믿고 따라 해봐
그는 내게 돌아온다
시간은 너의 편
넌 그냥 기다려라
그가 널 울린 만큼
내가 다 울려줄게
째깍 째깍 다 이뤄지리라
가질 수 없다면
그냥 널 위해 살겠어
얼마든지 너라면
다칠 준비가 돼 있어
이제부터 잘 봐 내가 뭘 하는지
너라면 한 몸 아깝지 않은 나
이름만 대 누구든
내가 다 데려올 거야
째깍 째깍 다 이뤄지리라
안길 수 없다면 날 밟고 일어서
누구도 함부로 널 못 대하게
어떠한 이유라 해도
넌 내가 필요하다
널 위해 싸우는
인형이 돼 줄 나
아픈 눈을 질끈 감고
너를 위해 달려간다
제발 나를 떠나지만 마라
네가 원하는 건 다 가져다줄게
째깍 째깍 다 이뤄지리라
망가진다 해도
너의 손끝에서라면
온 세상의 눈물을
다 흘릴 내가 여기 있어
이제부터 잘 봐 내가 뭘 하는지
너라면 한 몸 아깝지 않은 나
이름만 대 누구든
내가 다 데려올 거야
째깍 째깍 다 이뤄지리라
Should I go Should I stay
Nobody knows Whoo
Should I go Should I stay
Nobody knows Whoo
Yeah 지옥의 문을 열어라
그녀를 눈물 흘리게 만든
죄인아 피눈물 흘려라
불러라 저주의 노래 네
내면에 감춘 분노들을 말해 봐
내 육신은 널 위한 제물이돼
네 행복에 나를 바칠게
웃는 너의 얼굴 한 번이면 족해
내가 대신 다 해 네가 바라는 것
내 남은 시간들이 줄어든대도
누가 됐든 잘 봐 그녈 울리지 마
더 이상 잃을 무엇도 없는 나
그 누구도 모르는
내 가슴속의 슬픔은
째깍 째깍 다 사라지리라
Should I go Should I stay
Nobody knows Whoo
Should I go Should I stay
Nobody knows Whoo
다 이뤄지리라",2013,2013,2012,0.6615384615,0.06818181818,순종자,https://is1-ssl.mzstatic.com/image/thumb/Music124/v4/47/bb/51/47bb516c-529e-09c6-7810-51d256af6a9a/1.jpg/592x592bb.webp,108
아이브,여성,LOVE DIVE,"네가 참 궁금해 그건 너도 마찬가지
이거면 충분해 쫓고 쫓는 이런 놀이
참을 수 없는 이끌림과 호기심
묘한 너와 나 두고 보면 알겠지

Woo 눈동자 아래로
Woo 감추고 있는 거
Woo yeah It’s so bad It’s good
난 그 맘을 좀 봐야겠어

Narcissistic, my god I love it
서로를 비춘 밤
아름다운 까만 눈빛 더 빠져 깊이
(넌 내게로 난 네게로)
숨 참고 love dive

Woo lalalalalalala
Woo 어서 와서 love dive
Woo oh perfect sacrifice yeah
숨 참고 love dive

마음은 이렇게 알다가도 모르지
사랑이라는 건 한순간에 필 테니
직접 들어와 두 눈으로 확인해
내 맘 가장 깊은 데로 오면 돼

Woo 망설일 시간은
Woo 3초면 되는 걸
Woo yeah It’s so bad It’s good
원하면 감히 뛰어들어

Narcissistic, my god I love it
서로를 비춘 밤
아름다운 까만 눈빛 더 빠져 깊이
(넌 내게로 난 네게로)
숨 참고 love dive

Woo lalalalalalala
Woo 어서 와서 love dive
Woo oh perfect sacrifice yeah
숨 참고 love dive

숨 참고 love dive
숨 참고 love dive
숨 참고 love dive
숨 참고 love dive

Woo lalalalalalala
Woo 어서 와서 love dive
Woo oh perfect sacrifice yeah
숨 참고 love dive",2022,,,0.8571428571,0.9333333333,지배자,https://is3-ssl.mzstatic.com/image/thumb/Music112/v4/67/f8/16/67f8164a-bfc2-f29b-e241-800426a968ef/cover_KM0015013_1.jpg/592x592bb.webp,16
동방신기 (TVXQ!),남성,주문-MIROTIC (Original Ver.),"시작은 달콤하게 평범하게 나에게 끌려
언제나 그랬듯이 먼저 말을 걸어와
모든 가능성 열어둬 워우워
사랑은 뭐다 뭐다
이미 수식어 red ocean
난 breaking my rules again
알잖아 지루한 걸
조금 다쳐도 넌 괜찮아 워우워
넌 나를 원해 넌 내게 빠져
넌 내게 미쳐 헤어날 수 없어
I got you under my skin
넌 나를 원해 넌 내게 빠져
넌 내게 미쳐 넌 나의 노예
I got you under my skin
내 머리속을 파고드는 날카로운 눈빛
나 아니고선 움직이지도 않는
chrome heart
니가 선택한 길인 걸 워우워
혈관을 타고 흐르는
수억 개의 나의 crystal
마침내 시작된 변신의 끝은 나
이것도 사랑은 아닐까 워우워
넌 나를 원해 넌 내게 빠져
넌 내게 미쳐 헤어날 수 없어
I got you under my skin
넌 나를 원해 넌 내게 빠져
넌 내게 미쳐 넌 나의 노예
I got you under my skin
한 번의 kiss와 함께
날이 선 듯한 강한 이끌림
두 번의 kiss 뜨겁게
터져버릴 것 같은 내 심장을
yeah 너를 가졌어
you know you got it
come on come on come on come on
I got you under my skin
니 꿈 속의 난 널 지배하는 마법사
내 주문에 넌 다시 그려지고 있어
I got you under my skin
My devils ride 더는 숨을 곳이 없잖아
그렇다면 이제 즐겨보는 게 어떨까
I got you under my skin
넌 나를 원해 넌 내게 빠져
넌 내게 미쳐 헤어날 수 없어
I got you under my skin
넌 나를 원해 넌 내게 빠져
넌 내게 미쳐 넌 나의 노예
I got you under my skin",2008,2008,2004,0.7916666667,0.5675675676,지배자,https://is1-ssl.mzstatic.com/image/thumb/Music114/v4/92/9e/07/929e0729-f65a-c487-52db-8519f943de74/TVXQ_THE_FOURTH_ALBUM_MIROTIC_cover.jpg/592x592bb.webp,39
보아 (BoA),여성,Hurricane Venus,"Uh uh uh uh Hurricane
Uh uh Venus
Uh uh uh uh Hurricane
Uh uh Venus
날 자극하면 반드시
너를 집어삼켜
큰 폭풍 치듯 몰아치면
넌 숨 못 쉬어
쉴 새 없이 Woo uh
너를 잡아끄는 나만의 비밀
Electronic Manic
Supersonic Bionic Energy
불안한 소용돌이
그 안에서 태어나
가렸던 베일에 강렬한
전율이 일어
널 향해 Woo uh Woo uh
Electronic Manic Supersonic
Bionic Energy
Uh uh uh uh Hurricane
Uh uh Venus
Uh uh uh uh Hurricane
Uh uh Venus
스르륵 스르륵 덮치며
스르륵 스르륵 네 몸을
깨워 에워
Hurri Hurri Hurricane
Ve Ve Venus
내 눈은 안전지대
널 기다리는 곳
긴장은 잠시 멈춰
또 다른 나를 만나봐
Woo uh 벗어나면
위험해 바깥은 온통
Electronic Manic Supersonic
Bionic Energy
불안한 소용돌이
그 안에서 태어나
사나운 해일에 숨겨둔
내 눈에 쉬어
난 너의 Woo uh Woo uh
Electronic Manic Supersonic
Bionic Energy
Uh uh uh uh Hurricane
Uh uh Venus
Uh uh uh uh Hurricane
Uh uh Venus
스르륵 스르륵 덮치며
스르륵 스르륵 네 몸을
깨워 에워
Hurri Hurri Hurricane
Ve Ve Venus
Oh oh oh eh Oh oh oh eh
Oh oh oh eh
Oh oh oh eh Oh oh oh eh
Oh oh oh eh
In my area 어디도
못 벗어나 나에게서 어 어
In my area 어디도
못 벗어나 나에게서 어 어
Electronic Manic Supersonic
Bionic Energy
Uh uh uh uh Hurricane
Uh uh Venus
Uh uh uh uh Hurricane
Uh uh Venus
Uh uh uh uh Hurricane
Uh uh Venus
Uh uh uh uh Hurricane
Uh uh Venus
스르륵 스르륵 덮치며
스르륵 스르륵 네 몸을
깨워 에워
Hurri Hurri Hurricane
Uh uh uh uh Hurricane
Uh uh Venus
Uh uh uh uh Hurricane
Uh uh Venus
스르륵 스르륵 덮치며
스르륵 스르륵 네 몸을 깨워 에워
Hurri Hurri Hurricane Venus",2010,2010,2000,0.8961038961,1,지배자,https://is3-ssl.mzstatic.com/image/thumb/Music124/v4/f9/0c/0e/f90c0ede-c149-66e9-e0d5-cceb853a6986/asset.jpg/592x592bb.webp,9